{
  "pi"  : 3.141592653589793,
  "e"   : 2.718281828459045,
  "phi" : 1.6180339887498948482,
  "tau" : 6.283185307179586
}
